{
  "Alpha_25M": {
    "success": true,
    "model_name": "Alpha_25M",
    "parameters": 24855957,
    "steps": 200,
    "target_steps": 200,
    "initial_loss": 10.408934593200684,
    "final_loss": 2.2686779499053955,
    "loss_improvement": 8.140256643295288,
    "total_time": 636.7660148143768,
    "avg_step_time": 3.1703933942317963,
    "steps_per_second": 0.3140871141785132
  },
  "Beta_25M": {
    "success": true,
    "model_name": "Beta_25M",
    "parameters": 24855957,
    "steps": 200,
    "target_steps": 200,
    "initial_loss": 10.401137351989746,
    "final_loss": 2.232128858566284,
    "loss_improvement": 8.169008493423462,
    "total_time": 522.0544764995575,
    "avg_step_time": 2.6066406679153444,
    "steps_per_second": 0.3831017815248435
  },
  "Gamma_25M": {
    "success": true,
    "model_name": "Gamma_25M",
    "parameters": 24855957,
    "steps": 200,
    "target_steps": 200,
    "initial_loss": 10.443835258483887,
    "final_loss": 2.185972213745117,
    "loss_improvement": 8.25786304473877,
    "total_time": 501.55492329597473,
    "avg_step_time": 2.5035616743564604,
    "steps_per_second": 0.39875991782853487
  }
}